<?xml version="1.0"?>

<menus backColor      = '0x333333'
       fontColor      = '0xFFFF00'
       fontName       = 'Tahoma'
       fontSizePoints = '20'>

    <menuBar name='mainMenu'>
        <menuItem label='Plants'  subMenu=''        clickURL='' />
        <menuItem label='Animals' subMenu='animals' clickURL='' />
        <menuItem label='Rocks'   subMenu=''        clickURL='' />
    </menuBar>

    <menu name='animals'>
        <menuItem label='Cats' subMenu='cats' clickURL='' />
        <menuItem label='Dogs' subMenu=''     clickURL='' />
    </menu>

    <menu name='cats'>
        <menuItem label='Russian Blue' subMenu=''         clickURL='' />
        <menuItem label='Cornish Rex'  subMenu='catNames' clickURL='' />
        <menuItem label='Siamese'      subMenu=''         clickURL='' />
    </menu>

    <menu name='catNames'>
        <menuItem label='Suki' subMenu='' clickURL='' />
        <menuItem label='Buni' subMenu='' clickURL='' />
        <menuItem label='Buji' subMenu='' clickURL='' />
    </menu>
</menus>
