<?xml version="1.0"?>

<menus backColor      = '0x333333'
       fontColor      = '0xFFFF00'
       fontName       = 'Arial'
       fontSizePoints = '20'>

  <menuBar name='mainMenu'>
      <menuItem label='Projects' subMenu='projects' clickURL=''            />
      <menuItem label='Tests'    subMenu='tests'    clickURL=''            />
      <menuItem label='Clear'    subMenu=''         clickURL='placeholder' />
  </menuBar>

  <menu name='projects'>
      <menuItem label    = 'Encapsulation' subMenu=''
                clickURL = '../Projects/encapsulation.swf' />
      <menuItem label    = 'Inheritance'   subMenu=''
                clickURL = '../Projects/inheritance.swf'   />
      <menuItem label    = 'Polymorphism'  subMenu=''
                clickURL = '../Projects/polymorphism.swf'  />
      <menuItem label    = 'Dynamic Code'  subMenu=''
                clickURL = '../Projects/dynamicCode.swf'   />
  </menu>

  <menu name='tests'>
      <menuItem label    = 'Clip Dragger' subMenu=''
                clickURL = '../Tests/clipDragger.swf'        />
      <menuItem label    = 'MovieClip Extender' subMenu=''
                clickURL = '../Tests/movieClipExtender.swf'  />
      <menuItem label    = 'MovieClip Extender 2' subMenu=''
                clickURL = '../Tests/movieClipExtender2.swf' />
  </menu>
</menus>
