<?xml version="1.0"?>

<menus backColor      = '0x333333'
       fontColor      = '0xFFFF00'
       fontName       = 'comic sans ms'
       fontSizePoints = '25'>

  <menuBar name='mainMenu'>
      <menuItem label='Projects' subMenu='projects' clickURL='' />
  </menuBar>

  <menu name='projects'>
      <menuItem label    = 'Encapsulation' subMenu=''
                clickURL = '../Projects/encapsulation.swf' />
      <menuItem label    = 'Inheritance'   subMenu=''
                clickURL = '../Projects/inheritance.swf'   />
      <menuItem label    = 'Polymorphism'  subMenu=''
                clickURL = '../Projects/polymorphism.swf'  />
  </menu>
</menus>

